timestamp,pressure_mb,gust_kt,wind_kt,wind_direction_cardinal,wind_direction_deg,temperature_c,lake_temperature_c,humidity_pct,dew_point_c,rain_today_mm
2026-09-21T14:30:00Z,1025.4,13.8768949,11.879054,NE,41,22.8,21.1,63,15.4,0
2026-09-21T14:35:00Z,1025.3,13.8768949,11.3930927,NE,40,22.9,21.1,63,15.5,0
2026-09-21T14:45:00Z,1025.3,13.8768949,11.6630712,NE,40,23,21.1,63,15.6,0
2026-09-21T15:10:00Z,1025.4,13.8768949,11.1771099,NE,40,22.6,21.1,64,15.5,0
2026-09-21T20:15:00Z,1027.1,19.978409,12.3650153,E,84,17.6,20,55,8.4,0
2026-09-21T23:10:00Z,1026.3,16.5226842,13.2829422,E,82,16.2,20,62,8.9,0
2026-09-22T04:45:00Z,1025.4,30.3995791,17.386615400000004,ENE,68,13.6,18.9,66,7.4,0
2026-09-22T09:30:00Z,1025.5,24.298065,19.6004391,ENE,59,16.9,18.9,61,9.4,0
2026-09-22T14:10:00Z,1023.3,17.386615400000004,14.3088605,NE,42,22.4,18.9,44,9.6,0
2026-09-22T18:15:00Z,1023.6,16.5226842,12.5809981,ENE,67,19.6,19.4,36,4.1,0
2026-09-22T21:35:00Z,1023.5,18.2505466,15.2807831,ENE,75,17.5,18.9,57,8.9,0
2026-09-22T23:50:00Z,1023.5,28.6717167,22.5702026,ENE,68,16.3,18.3,53,6.7,0
2026-09-23T05:10:00Z,1023.7,15.658753,7.5054023,E,102,12.2,18.3,70,6.9,0
2026-09-23T10:15:00Z,1024.7,4.319656,1.7818581,NE,49,17.4,18.9,62,10,0
2026-09-23T15:10:00Z,1022,5.2375829,3.1857463000000004,ENE,62,22.2,20,54,12.5,0
2026-09-23T19:10:00Z,1023.7,4.319656,0,S,182,13.9,19.4,77,10,0
2026-09-23T22:25:00Z,1025,3.4557248000000005,1.4038882,SSE,164,10.8,19.4,84,8.2,0
2026-09-24T00:50:00Z,1024.6,6.101514100000001,0.3779699,SSW,201,9.7,19.4,87,7.7,0
2026-09-24T06:45:00Z,1024.9,2.5917936,0,S,185,10.7,19.4,92,9.5,0
2026-09-24T12:50:00Z,1022.9,7.8293765,3.6717076,ENE,64,21,20.6,66,14.4,0
2026-09-24T17:55:00Z,1022.7,7.8293765,4.4816431,NNW,332,17.4,20,72,12.3,0
2026-09-24T21:45:00Z,1022.4,13.8768949,9.9892045,ENE,65,17.8,20,63,10.7,0
2026-09-25T00:50:00Z,1021.6,14.7408261,9.7732217,ENE,77,16,19.4,69,10.3,0
2026-09-25T06:35:00Z,1022.1,12.1490325,8.4773249,E,78,11.2,18.9,88,9.3,0
2026-09-25T12:15:00Z,1020.3,6.965445300000001,3.8876904,NE,50,20.1,18.9,64,13.1,0
2026-09-25T17:30:00Z,1019.9,4.319656,1.079914,E,96,15.7,20,74,11,0
2026-09-25T20:45:00Z,1021.1,0,0,S,191,11.2,19.4,77,7.3,0
2026-09-26T00:05:00Z,1021.1,0,0,S,188,9.6,19.4,88,7.7,0
2026-09-26T05:25:00Z,1022.3,0,0,SSE,167,6.9,19.4,92,5.7,0
2026-09-26T10:15:00Z,1022.7,4.319656,3.4017291,ENE,59,19.9,20,58,11.4,0
2026-09-26T14:40:00Z,1020.6,6.101514100000001,4.5896345,NE,54,22.5,20.6,58,13.8,0
2026-09-26T22:05:00Z,1021.8,2.5917936,0.21598280000000003,S,186,10.9,20,79,7.4,0
2026-09-27T00:50:00Z,1022,2.5917936,0.8099355,SSW,202,9.2,20,84,6.6,0
2026-09-27T07:05:00Z,1022,3.4557248000000005,1.2958968,SSE,163,10.9,19.4,95,10.1,0
2026-09-27T13:15:00Z,1019.5,6.101514100000001,2.3218151,E,95,25.7,20.6,44,12.6,0
2026-09-27T17:55:00Z,1019.2,4.319656,1.2958968,SSE,154,17.8,20.6,73,12.9,0
2026-09-27T21:35:00Z,1020.6,2.5917936,0.9179269,SSW,196,13.4,20,83,10.6,0
2026-09-27T23:55:00Z,1020.7,2.5917936,0,SSE,161,12.1,20,83,9.3,0
2026-09-28T05:50:00Z,1020.7,0.8639312000000001,0,S,173,10.1,19.4,90,8.5,0
2026-09-28T14:25:00Z,1018.5,6.965445300000001,3.2937377,ENE,61,22.7,19.4,69,16.7,0
2026-09-28T20:45:00Z,1019.6,3.4557248000000005,2.1058323,WSW,234,14.9,20.6,85,12.4,0
2026-09-29T01:15:00Z,1020,6.965445300000001,1.4038882,SW,230,14.3,20,85,11.8,0
2026-09-29T07:30:00Z,1020.6,1.7278624000000002,0,SSE,157,17.1,20,83,14.1,0
2026-09-29T14:20:00Z,1019.6,4.319656,2.1058323,W,261,24.7,20.6,49,13.3,0
2026-09-29T19:35:00Z,1020.3,4.319656,2.5917936,SSE,153,16.9,20.6,83,14,0
2026-09-29T23:10:00Z,1020.5,2.5917936,0.9179269,S,171,14.1,20.6,81,10.9,0
2026-09-30T02:20:00Z,1020.4,4.319656,2.9697635,SSE,178,13.9,20,93,12.8,0
2026-09-30T09:00:00Z,1021.3,3.4557248000000005,0.10799140000000002,WNW,288,19.1,20,87,16.9,0
2026-09-30T16:05:00Z,1019.8,6.101514100000001,3.5097205,SSW,205,21.1,20,74,16.3,0
2026-09-30T21:00:00Z,1020.8,4.319656,1.6738667,SSW,197,17.9,20,81,14.6,0
2026-10-01T00:50:00Z,1020.9,6.101514100000001,1.079914,SSW,202,16.6,20,87,14.4,0
2026-10-01T15:40:00Z,1024.9,6.101514100000001,3.6177119,WSW,233,18.1,20,100,18.1,6.4
2026-10-01T20:30:00Z,1027.8,9.5572389,4.9136087,N,350,16.3,20,100,16.3,12.8
2026-10-02T00:10:00Z,1029,6.101514100000001,0.4859613,SW,218,12.9,19.4,100,12.9,0
2026-10-02T06:10:00Z,1029.2,16.5226842,9.8812131,ENE,75,14.9,19.4,100,14.9,0.2
2026-10-02T13:10:00Z,1028.4,12.1490325,8.801299100000001,NNE,32,21.4,19.4,67,15,0.2
2026-10-02T18:40:00Z,1028.6,8.693307700000002,0.5939527000000001,ESE,110,16,20,91,14.5,0.2
2026-10-02T22:35:00Z,1029.1,4.319656,0.10799140000000002,SSE,161,12.7,19.4,100,12.7,0
2026-10-03T01:25:00Z,1028.8,2.5917936,0.9179269,SSW,196,11.1,19.4,100,11.1,0
2026-10-03T07:05:00Z,1029.1,2.5917936,0.21598280000000003,SSE,164,12.1,19.4,100,12.1,0
2026-10-03T12:40:00Z,1027.8,6.965445300000001,5.399570000000001,ENE,61,19.9,20,76,15.5,0
2026-10-03T17:35:00Z,1027.2,0,0,E,81,16.6,20,91,15.1,0
2026-10-03T20:10:00Z,1027.8,3.4557248000000005,1.9978409,SSE,165,14.2,20,99,14,0
2026-10-03T23:15:00Z,1027.5,4.319656,2.5917936,S,169,13,20,100,13.1,0
2026-10-04T02:50:00Z,1026.8,2.5917936,1.619871,SSE,168,13.2,19.4,100,13.2,0
2026-10-04T10:05:00Z,1027.2,8.693307700000002,4.697625899999999,ENE,59,18.4,19.4,81,15.1,0.2
2026-10-04T15:30:00Z,1025.3,7.8293765,5.5075614,ENE,79,20.3,20,70,14.6,0.2
2026-10-04T18:45:00Z,1025.5,2.5917936,1.079914,SSE,154,16,20,94,15,0.2
2026-10-04T22:30:00Z,1025.4,3.4557248000000005,1.6738667,SSE,160,12.7,19.4,100,12.7,0
